tag,link
random_shotsbyme,/random_shotsbyme/
#remindersofhim,/explore/tags/remindersofhim/
#collenhoover,/explore/tags/collenhoover/
,/kayleeannlamar/
kayleeannlamar,/kayleeannlamar/
4d,/p/ChzaGWosVkL/c/17989546756616779/
,/madeline.cadavid/
madeline.cadavid,/madeline.cadavid/
4d,/p/ChzaGWosVkL/c/17934420608418154/
,/dania_pcy/
dania_pcy,/dania_pcy/
2w,/p/ChzaGWosVkL/c/17933060162584455/
,/_na1naa/
_na1naa,/_na1naa/
2w,/p/ChzaGWosVkL/c/17904124229676960/
,/jignesh_tandel_112/
jignesh_tandel_112,/jignesh_tandel_112/
3w,/p/ChzaGWosVkL/c/18033464437409826/
,/siri_vd/
siri_vd,/siri_vd/
10w,/p/ChzaGWosVkL/c/17952239000307068/
,/falling4bookz/
falling4bookz,/falling4bookz/
12w,/p/ChzaGWosVkL/c/17986735537564622/
,/luvensirena/
luvensirena,/luvensirena/
12w,/p/ChzaGWosVkL/c/18021926038415782/
,/mandeep14_singh/
mandeep14_singh,/mandeep14_singh/
13w,/p/ChzaGWosVkL/c/17844146849833907/
,/beast_boy_himu/
beast_boy_himu,/beast_boy_himu/
13w,/p/ChzaGWosVkL/c/17953334138037957/
,/bhushannn29/
bhushannn29,/bhushannn29/
13w,/p/ChzaGWosVkL/c/17952777038085997/
